vote,created_at,comments,title
97,Tue Mar 2 22:52:12 2010 UTC,108 comments,[Main Spoilers] Weekly Rewatch | Season 1 Episode 7: You Win or You Die
51,Sun Oct 22 19:30:26 2017 UTC,77 comments,"[Everything] I am Kim Renfro, obsessive ""Game of Thrones"" fan-turned-reporter who writes about the series and interviews the cast and directors, ask me anything!"
8146,Wed Oct 25 17:32:36 2017 UTC,79 comments,[EVERYTHING] Night King: Olympic javelin champion edition
4857,last edited 12 hours ago,195 comments,[No Spoilers] Varys
122,Thu Oct 26 02:54:51 2017 UTC,5 comments,[No Spoilers] Wife carved the Night King
43,Wed Oct 25 13:26:29 2017 UTC,2 comments,[No spoilers] My pencil attempt at the Queen of Thorns
328,Thu Oct 26 00:58:40 2017 UTC,96 comments,[EVERYTHING] What is the end game for the Dothraki?
121,Thu Oct 26 03:07:54 2017 UTC,5 comments,[Main spoilers] Samuel L Jackson explained Game of Thrones. It's been one year this video is out but still amusing.
45,Wed Oct 25 12:53:28 2017 UTC,10 comments,[MAIN SPOILERS] Drowned God and Targaryen prophecy
18,last edited 18 hours ago,5 comments,"[EVERYTHING] hey all so i left out some notable people from my post a couple days ago about my game room, hope you all enjoy this !"
6567,Wed Oct 25 17:46:24 2017 UTC,118 comments,[EVERYTHING] Jon Snow pen drawing. Instagram: @jack.nolan
109,Wed Oct 25 21:12:37 2017 UTC,9 comments,"[EVERYTHING] The Hound, digital drawing by David Benzal"
47,Thu Oct 26 01:13:24 2017 UTC,5 comments,[EVERYTHING] Made a mini Hall of Faces for a friend's birthday.
8,Tue Oct 24 18:19:29 2017 UTC,1 comment,[Everything] Night King on holiday enjoying a light back stroke
29,Wed Oct 25 14:51:00 2017 UTC,6 comments,[Everything] My Mockingbird tattoo!
12,Wed Oct 25 19:20:23 2017 UTC,1 comment,[NO SPOILERS] Carved this last night
33,Thu Oct 26 05:10:15 2017 UTC,30 comments,[MAIN SPOILERS] How on earth are they going to resolve all the plots with just 1 more season
•,Wed Oct 25 21:07:19 2017 UTC,1 comment,[MAIN SPOILERS] Top 50 greatest warriors in ASOIAF history
6,Thu Oct 26 02:01:54 2017 UTC,5 comments,[MAIN SPOILERS] I'm not even allowed to check my mail without some GoT spoiler happening. Im on fkin Season 5.
78,Wed Oct 25 19:21:54 2017 UTC,4 comments,"[NO SPOILERS] illustration of Jon from Game of Thrones (V.Rusyn, 2017)"
11,Thu Oct 26 07:39:16 2017 UTC,3 comments,[Main Spoilers] Game of Thrones Gods and Their Followers
5,Thu Oct 26 03:39:42 2017 UTC,2 comments,[EVERYTHING] Why can’t this be a thing?! Munchkin of Thrones
7,Wed Oct 25 13:53:32 2017 UTC,5 comments,[Everything] Lightbringer ink drawing I made for Inktober
15,Thu Oct 26 00:42:30 2017 UTC,31 comments,"[Main Spoilers] What ""minor"" scenes give you goosebumps (because they are so awesome/powerful)?"
10,Thu Oct 26 04:22:38 2017 UTC,14 comments,[MAIN SPOILERS] What's ONE bad quality of this GREAT show that you'd change?
1,Thu Oct 26 01:34:34 2017 UTC,8 comments,[Main Spoilers] Fire and Ice theory
45,Wed Oct 25 22:42:47 2017 UTC,12 comments,[TV/GAME]How I get my fix in during the offseason: GoT mods!
